DeviceName,Time,Timestamp,Activity,RoomName,PowerStatus,Day,Hour,Minute
SmartDoor,11:00,-2208968470.0,GettingIn,LivingRoom,Unlock,1,11,0
SmartDoor,11:01,-2208968410.0,GettingIn,LivingRoom,Lock,1,11,1
Lights,11:15,-2208967570.0,Meal_Prep,Kitchen,On,1,11,15
Oven,11:16,-2208967510.0,Meal_Prep,Kitchen,On,1,11,16
SmartKettle,11:26,-2208966910.0,Meal_Prep,Kitchen,On,1,11,26
Oven,11:37,-2208966250.0,Meal_Prep,Kitchen,Off,1,11,37
Lights,11:40,-2208966070.0,Meal_Prep,Kitchen,Off,1,11,40
Lights,12:02,-2208964750.0,Dining,DiningRoom,On,1,12,2
Lights,12:46,-2208962110.0,Dining,DiningRoom,Off,1,12,46
SmartDoor,11:00,-2208968470.0,GettingIn,LivingRoom,Unlock,2,11,0
SmartDoor,11:01,-2208968410.0,GettingIn,LivingRoom,Lock,2,11,1
Lights,11:15,-2208967570.0,Meal_Prep,Kitchen,On,2,11,15
Oven,11:16,-2208967510.0,Meal_Prep,Kitchen,On,2,11,16
SmartKettle,11:26,-2208966910.0,Meal_Prep,Kitchen,On,2,11,26
Oven,11:37,-2208966250.0,Meal_Prep,Kitchen,Off,2,11,37
Lights,11:40,-2208966070.0,Meal_Prep,Kitchen,Off,2,11,40
Lights,12:02,-2208964750.0,Dining,DiningRoom,On,2,12,2
Lights,12:46,-2208962110.0,Dining,DiningRoom,Off,2,12,46
SmartDoor,11:00,-2208968470.0,GettingIn,LivingRoom,Unlock,3,11,0
SmartDoor,11:01,-2208968410.0,GettingIn,LivingRoom,Lock,3,11,1
Lights,11:15,-2208967570.0,Meal_Prep,Kitchen,On,3,11,15
Oven,11:16,-2208967510.0,Meal_Prep,Kitchen,On,3,11,16
SmartKettle,11:26,-2208966910.0,Meal_Prep,Kitchen,On,3,11,26
Oven,11:37,-2208966250.0,Meal_Prep,Kitchen,Off,3,11,37
Lights,11:40,-2208966070.0,Meal_Prep,Kitchen,Off,3,11,40
Lights,12:02,-2208964750.0,Dining,DiningRoom,On,3,12,2
Lights,12:46,-2208962110.0,Dining,DiningRoom,Off,3,12,46
SmartDoor,11:00,-2208968470.0,GettingIn,LivingRoom,Unlock,4,11,0
SmartDoor,11:01,-2208968410.0,GettingIn,LivingRoom,Lock,4,11,1
Lights,11:15,-2208967570.0,Meal_Prep,Kitchen,On,4,11,15
Oven,11:16,-2208967510.0,Meal_Prep,Kitchen,On,4,11,16
SmartKettle,11:26,-2208966910.0,Meal_Prep,Kitchen,On,4,11,26
Oven,11:37,-2208966250.0,Meal_Prep,Kitchen,Off,4,11,37
Lights,11:40,-2208966070.0,Meal_Prep,Kitchen,Off,4,11,40
Lights,12:02,-2208964750.0,Dining,DiningRoom,On,4,12,2
Lights,12:46,-2208962110.0,Dining,DiningRoom,Off,4,12,46
SmartDoor,11:00,-2208968470.0,GettingIn,LivingRoom,Unlock,5,11,0
SmartDoor,11:01,-2208968410.0,GettingIn,LivingRoom,Lock,5,11,1
Lights,11:15,-2208967570.0,Meal_Prep,Kitchen,On,5,11,15
Oven,11:16,-2208967510.0,Meal_Prep,Kitchen,On,5,11,16
SmartKettle,11:26,-2208966910.0,Meal_Prep,Kitchen,On,5,11,26
Oven,11:37,-2208966250.0,Meal_Prep,Kitchen,Off,5,11,37
Lights,11:40,-2208966070.0,Meal_Prep,Kitchen,Off,5,11,40
Lights,12:02,-2208964750.0,Dining,DiningRoom,On,5,12,2
Lights,12:46,-2208962110.0,Dining,DiningRoom,Off,5,12,46
SmartDoor,11:00,-2208968470.0,GettingIn,LivingRoom,Unlock,1,11,0
SmartDoor,11:01,-2208968410.0,GettingIn,LivingRoom,Lock,1,11,1
Lights,11:15,-2208967570.0,Meal_Prep,Kitchen,On,1,11,15
Oven,11:16,-2208967510.0,Meal_Prep,Kitchen,On,1,11,16
SmartKettle,11:26,-2208966910.0,Meal_Prep,Kitchen,On,1,11,26
Oven,11:37,-2208966250.0,Meal_Prep,Kitchen,Off,1,11,37
Lights,11:40,-2208966070.0,Meal_Prep,Kitchen,Off,1,11,40
Lights,12:02,-2208964750.0,Dining,DiningRoom,On,1,12,2
Lights,12:46,-2208962110.0,Dining,DiningRoom,Off,1,12,46
SmartDoor,11:00,-2208968470.0,GettingIn,LivingRoom,Unlock,2,11,0
SmartDoor,11:01,-2208968410.0,GettingIn,LivingRoom,Lock,2,11,1
Lights,11:15,-2208967570.0,Meal_Prep,Kitchen,On,2,11,15
Oven,11:16,-2208967510.0,Meal_Prep,Kitchen,On,2,11,16
SmartKettle,11:26,-2208966910.0,Meal_Prep,Kitchen,On,2,11,26
Oven,11:37,-2208966250.0,Meal_Prep,Kitchen,Off,2,11,37
Lights,11:40,-2208966070.0,Meal_Prep,Kitchen,Off,2,11,40
Lights,12:02,-2208964750.0,Dining,DiningRoom,On,2,12,2
Lights,12:46,-2208962110.0,Dining,DiningRoom,Off,2,12,46
SmartDoor,11:00,-2208968470.0,GettingIn,LivingRoom,Unlock,3,11,0
SmartDoor,11:01,-2208968410.0,GettingIn,LivingRoom,Lock,3,11,1
Lights,11:15,-2208967570.0,Meal_Prep,Kitchen,On,3,11,15
Oven,11:16,-2208967510.0,Meal_Prep,Kitchen,On,3,11,16
SmartKettle,11:26,-2208966910.0,Meal_Prep,Kitchen,On,3,11,26
Oven,11:37,-2208966250.0,Meal_Prep,Kitchen,Off,3,11,37
Lights,11:40,-2208966070.0,Meal_Prep,Kitchen,Off,3,11,40
Lights,12:02,-2208964750.0,Dining,DiningRoom,On,3,12,2
Lights,12:46,-2208962110.0,Dining,DiningRoom,Off,3,12,46
SmartDoor,11:00,-2208968470.0,GettingIn,LivingRoom,Unlock,4,11,0
SmartDoor,11:01,-2208968410.0,GettingIn,LivingRoom,Lock,4,11,1
Lights,11:15,-2208967570.0,Meal_Prep,Kitchen,On,4,11,15
Oven,11:16,-2208967510.0,Meal_Prep,Kitchen,On,4,11,16
SmartKettle,11:26,-2208966910.0,Meal_Prep,Kitchen,On,4,11,26
Oven,11:37,-2208966250.0,Meal_Prep,Kitchen,Off,4,11,37
Lights,11:40,-2208966070.0,Meal_Prep,Kitchen,Off,4,11,40
Lights,12:02,-2208964750.0,Dining,DiningRoom,On,4,12,2
Lights,12:46,-2208962110.0,Dining,DiningRoom,Off,4,12,46
SmartDoor,11:00,-2208968470.0,GettingIn,LivingRoom,Unlock,5,11,0
SmartDoor,11:01,-2208968410.0,GettingIn,LivingRoom,Lock,5,11,1
Lights,11:15,-2208967570.0,Meal_Prep,Kitchen,On,5,11,15
Oven,11:16,-2208967510.0,Meal_Prep,Kitchen,On,5,11,16
SmartKettle,11:26,-2208966910.0,Meal_Prep,Kitchen,On,5,11,26
Oven,11:37,-2208966250.0,Meal_Prep,Kitchen,Off,5,11,37
Lights,11:40,-2208966070.0,Meal_Prep,Kitchen,Off,5,11,40
Lights,12:02,-2208964750.0,Dining,DiningRoom,On,5,12,2
Lights,12:46,-2208962110.0,Dining,DiningRoom,Off,5,12,46
SmartDoor,11:00,-2208968470.0,GettingIn,LivingRoom,Unlock,1,11,0
SmartDoor,11:01,-2208968410.0,GettingIn,LivingRoom,Lock,1,11,1
Lights,11:15,-2208967570.0,Meal_Prep,Kitchen,On,1,11,15
Oven,11:16,-2208967510.0,Meal_Prep,Kitchen,On,1,11,16
SmartKettle,11:26,-2208966910.0,Meal_Prep,Kitchen,On,1,11,26
Oven,11:37,-2208966250.0,Meal_Prep,Kitchen,Off,1,11,37
Lights,11:40,-2208966070.0,Meal_Prep,Kitchen,Off,1,11,40
Lights,12:02,-2208964750.0,Dining,DiningRoom,On,1,12,2
Lights,12:46,-2208962110.0,Dining,DiningRoom,Off,1,12,46
SmartDoor,11:00,-2208968470.0,GettingIn,LivingRoom,Unlock,2,11,0
SmartDoor,11:01,-2208968410.0,GettingIn,LivingRoom,Lock,2,11,1
Lights,11:15,-2208967570.0,Meal_Prep,Kitchen,On,2,11,15
Oven,11:16,-2208967510.0,Meal_Prep,Kitchen,On,2,11,16
SmartKettle,11:26,-2208966910.0,Meal_Prep,Kitchen,On,2,11,26
Oven,11:37,-2208966250.0,Meal_Prep,Kitchen,Off,2,11,37
Lights,11:40,-2208966070.0,Meal_Prep,Kitchen,Off,2,11,40
Lights,12:02,-2208964750.0,Dining,DiningRoom,On,2,12,2
Lights,12:46,-2208962110.0,Dining,DiningRoom,Off,2,12,46
SmartDoor,11:00,-2208968470.0,GettingIn,LivingRoom,Unlock,3,11,0
SmartDoor,11:01,-2208968410.0,GettingIn,LivingRoom,Lock,3,11,1
Lights,11:15,-2208967570.0,Meal_Prep,Kitchen,On,3,11,15
Oven,11:16,-2208967510.0,Meal_Prep,Kitchen,On,3,11,16
SmartKettle,11:26,-2208966910.0,Meal_Prep,Kitchen,On,3,11,26
Oven,11:37,-2208966250.0,Meal_Prep,Kitchen,Off,3,11,37
Lights,11:40,-2208966070.0,Meal_Prep,Kitchen,Off,3,11,40
Lights,12:02,-2208964750.0,Dining,DiningRoom,On,3,12,2
Lights,12:46,-2208962110.0,Dining,DiningRoom,Off,3,12,46
SmartDoor,11:00,-2208968470.0,GettingIn,LivingRoom,Unlock,4,11,0
SmartDoor,11:01,-2208968410.0,GettingIn,LivingRoom,Lock,4,11,1
Lights,11:15,-2208967570.0,Meal_Prep,Kitchen,On,4,11,15
Oven,11:16,-2208967510.0,Meal_Prep,Kitchen,On,4,11,16
SmartKettle,11:26,-2208966910.0,Meal_Prep,Kitchen,On,4,11,26
Oven,11:37,-2208966250.0,Meal_Prep,Kitchen,Off,4,11,37
Lights,11:40,-2208966070.0,Meal_Prep,Kitchen,Off,4,11,40
Lights,12:02,-2208964750.0,Dining,DiningRoom,On,4,12,2
Lights,12:46,-2208962110.0,Dining,DiningRoom,Off,4,12,46
SmartDoor,11:00,-2208968470.0,GettingIn,LivingRoom,Unlock,5,11,0
SmartDoor,11:01,-2208968410.0,GettingIn,LivingRoom,Lock,5,11,1
Lights,11:15,-2208967570.0,Meal_Prep,Kitchen,On,5,11,15
Oven,11:16,-2208967510.0,Meal_Prep,Kitchen,On,5,11,16
SmartKettle,11:26,-2208966910.0,Meal_Prep,Kitchen,On,5,11,26
Oven,11:37,-2208966250.0,Meal_Prep,Kitchen,Off,5,11,37
Lights,11:40,-2208966070.0,Meal_Prep,Kitchen,Off,5,11,40
Lights,12:02,-2208964750.0,Dining,DiningRoom,On,5,12,2
Lights,12:46,-2208962110.0,Dining,DiningRoom,Off,5,12,46
SmartDoor,11:00,-2208968470.0,GettingIn,LivingRoom,Unlock,1,11,0
SmartDoor,11:01,-2208968410.0,GettingIn,LivingRoom,Lock,1,11,1
Lights,11:15,-2208967570.0,Meal_Prep,Kitchen,On,1,11,15
Oven,11:16,-2208967510.0,Meal_Prep,Kitchen,On,1,11,16
SmartKettle,11:26,-2208966910.0,Meal_Prep,Kitchen,On,1,11,26
Oven,11:37,-2208966250.0,Meal_Prep,Kitchen,Off,1,11,37
Lights,11:40,-2208966070.0,Meal_Prep,Kitchen,Off,1,11,40
Lights,12:02,-2208964750.0,Dining,DiningRoom,On,1,12,2
Lights,12:46,-2208962110.0,Dining,DiningRoom,Off,1,12,46
SmartDoor,11:00,-2208968470.0,GettingIn,LivingRoom,Unlock,2,11,0
SmartDoor,11:01,-2208968410.0,GettingIn,LivingRoom,Lock,2,11,1
Lights,11:15,-2208967570.0,Meal_Prep,Kitchen,On,2,11,15
Oven,11:16,-2208967510.0,Meal_Prep,Kitchen,On,2,11,16
SmartKettle,11:26,-2208966910.0,Meal_Prep,Kitchen,On,2,11,26
Oven,11:37,-2208966250.0,Meal_Prep,Kitchen,Off,2,11,37
Lights,11:40,-2208966070.0,Meal_Prep,Kitchen,Off,2,11,40
Lights,12:02,-2208964750.0,Dining,DiningRoom,On,2,12,2
Lights,12:46,-2208962110.0,Dining,DiningRoom,Off,2,12,46
SmartDoor,11:00,-2208968470.0,GettingIn,LivingRoom,Unlock,3,11,0
SmartDoor,11:01,-2208968410.0,GettingIn,LivingRoom,Lock,3,11,1
Lights,11:15,-2208967570.0,Meal_Prep,Kitchen,On,3,11,15
Oven,11:16,-2208967510.0,Meal_Prep,Kitchen,On,3,11,16
SmartKettle,11:26,-2208966910.0,Meal_Prep,Kitchen,On,3,11,26
Oven,11:37,-2208966250.0,Meal_Prep,Kitchen,Off,3,11,37
Lights,11:40,-2208966070.0,Meal_Prep,Kitchen,Off,3,11,40
Lights,12:02,-2208964750.0,Dining,DiningRoom,On,3,12,2
Lights,12:46,-2208962110.0,Dining,DiningRoom,Off,3,12,46
SmartDoor,11:00,-2208968470.0,GettingIn,LivingRoom,Unlock,4,11,0
SmartDoor,11:01,-2208968410.0,GettingIn,LivingRoom,Lock,4,11,1
Lights,11:15,-2208967570.0,Meal_Prep,Kitchen,On,4,11,15
Oven,11:16,-2208967510.0,Meal_Prep,Kitchen,On,4,11,16
SmartKettle,11:26,-2208966910.0,Meal_Prep,Kitchen,On,4,11,26
Oven,11:37,-2208966250.0,Meal_Prep,Kitchen,Off,4,11,37
Lights,11:40,-2208966070.0,Meal_Prep,Kitchen,Off,4,11,40
Lights,12:02,-2208964750.0,Dining,DiningRoom,On,4,12,2
Lights,12:46,-2208962110.0,Dining,DiningRoom,Off,4,12,46
SmartDoor,11:00,-2208968470.0,GettingIn,LivingRoom,Unlock,5,11,0
SmartDoor,11:01,-2208968410.0,GettingIn,LivingRoom,Lock,5,11,1
Lights,11:15,-2208967570.0,Meal_Prep,Kitchen,On,5,11,15
Oven,11:16,-2208967510.0,Meal_Prep,Kitchen,On,5,11,16
SmartKettle,11:26,-2208966910.0,Meal_Prep,Kitchen,On,5,11,26
Oven,11:37,-2208966250.0,Meal_Prep,Kitchen,Off,5,11,37
Lights,11:40,-2208966070.0,Meal_Prep,Kitchen,Off,5,11,40
Lights,12:02,-2208964750.0,Dining,DiningRoom,On,5,12,2
Lights,12:46,-2208962110.0,Dining,DiningRoom,Off,5,12,46
