DeviceName,Time,Routine,Activity,RoomName,DeviceStatus,Day,Hour,Minute
SmartBlinds,06:17 AM,Wake up routine,Awaken,Bedroom,Open,1,6,17
Lights,06:19 AM,Wake up routine,Awaken,Bedroom,On,1,6,19
Lights,06:22 AM,Wake up routine,Bathing,Bathroom,On,1,6,22
WaterHeater,06:24 AM,Wake up routine,Bathing,Bathroom,On,1,6,24
Lights,06:32 AM,Wake up routine,Bathing,Bathroom,Off,1,6,32
WaterHeater,06:34 AM,Wake up routine,Bathing,Bathroom,Off,1,6,34
SmartBlinds,06:47 AM,Breakfast routine,Breakfast,Livingroom,Close,1,6,47
SmartDoor,06:49 AM,Breakfast routine,Breakfast,Livingroom,Unlock,1,6,49
SmartDoor,06:52 AM,Breakfast routine,Breakfast,Livingroom,Lock,1,6,52
SmartBlinds,06:10 AM,Wake up routine,Awaken,Bedroom,Open,2,6,10
Lights,06:12 AM,Wake up routine,Awaken,Bedroom,On,2,6,12
Lights,06:15 AM,Wake up routine,Bathing,Bathroom,On,2,6,15
WaterHeater,06:17 AM,Wake up routine,Bathing,Bathroom,On,2,6,17
Lights,06:25 AM,Wake up routine,Bathing,Bathroom,Off,2,6,25
WaterHeater,06:27 AM,Wake up routine,Bathing,Bathroom,Off,2,6,27
SmartBlinds,06:40 AM,Breakfast routine,Breakfast,Livingroom,Close,2,6,40
SmartDoor,06:42 AM,Breakfast routine,Breakfast,Livingroom,Unlock,2,6,42
SmartDoor,06:45 AM,Breakfast routine,Breakfast,Livingroom,Lock,2,6,45
SmartBlinds,06:14 AM,Wake up routine,Awaken,Bedroom,Open,3,6,14
Lights,06:16 AM,Wake up routine,Awaken,Bedroom,On,3,6,16
Lights,06:19 AM,Wake up routine,Bathing,Bathroom,On,3,6,19
WaterHeater,06:21 AM,Wake up routine,Bathing,Bathroom,On,3,6,21
Lights,06:29 AM,Wake up routine,Bathing,Bathroom,Off,3,6,29
WaterHeater,06:31 AM,Wake up routine,Bathing,Bathroom,Off,3,6,31
SmartBlinds,06:44 AM,Breakfast routine,Breakfast,Livingroom,Close,3,6,44
SmartDoor,06:46 AM,Breakfast routine,Breakfast,Livingroom,Unlock,3,6,46
SmartDoor,06:49 AM,Breakfast routine,Breakfast,Livingroom,Lock,3,6,49
SmartBlinds,06:05 AM,Wake up routine,Awaken,Bedroom,Open,4,6,5
Lights,06:07 AM,Wake up routine,Awaken,Bedroom,On,4,6,7
Lights,06:10 AM,Wake up routine,Bathing,Bathroom,On,4,6,10
WaterHeater,06:12 AM,Wake up routine,Bathing,Bathroom,On,4,6,12
Lights,06:20 AM,Wake up routine,Bathing,Bathroom,Off,4,6,20
WaterHeater,06:22 AM,Wake up routine,Bathing,Bathroom,Off,4,6,22
SmartBlinds,06:35 AM,Breakfast routine,Breakfast,Livingroom,Close,4,6,35
SmartDoor,06:37 AM,Breakfast routine,Breakfast,Livingroom,Unlock,4,6,37
SmartDoor,06:40 AM,Breakfast routine,Breakfast,Livingroom,Lock,4,6,40
SmartBlinds,06:15 AM,Wake up routine,Awaken,Bedroom,Open,5,6,15
Lights,06:17 AM,Wake up routine,Awaken,Bedroom,On,5,6,17
Lights,06:20 AM,Wake up routine,Bathing,Bathroom,On,5,6,20
WaterHeater,06:22 AM,Wake up routine,Bathing,Bathroom,On,5,6,22
Lights,06:30 AM,Wake up routine,Bathing,Bathroom,Off,5,6,30
WaterHeater,06:32 AM,Wake up routine,Bathing,Bathroom,Off,5,6,32
SmartBlinds,06:45 AM,Breakfast routine,Breakfast,Livingroom,Close,5,6,45
SmartDoor,06:47 AM,Breakfast routine,Breakfast,Livingroom,Unlock,5,6,47
SmartDoor,06:50 AM,Breakfast routine,Breakfast,Livingroom,Lock,5,6,50
SmartBlinds,06:15 AM,Wake up routine,Awaken,Bedroom,Open,1,6,15
Lights,06:17 AM,Wake up routine,Awaken,Bedroom,On,1,6,17
Lights,06:20 AM,Wake up routine,Bathing,Bathroom,On,1,6,20
WaterHeater,06:22 AM,Wake up routine,Bathing,Bathroom,On,1,6,22
Lights,06:30 AM,Wake up routine,Bathing,Bathroom,Off,1,6,30
WaterHeater,06:32 AM,Wake up routine,Bathing,Bathroom,Off,1,6,32
SmartBlinds,06:45 AM,Breakfast routine,Breakfast,Livingroom,Close,1,6,45
SmartDoor,06:47 AM,Breakfast routine,Breakfast,Livingroom,Unlock,1,6,47
SmartDoor,06:50 AM,Breakfast routine,Breakfast,Livingroom,Lock,1,6,50
SmartBlinds,06:18 AM,Wake up routine,Awaken,Bedroom,Open,2,6,18
Lights,06:20 AM,Wake up routine,Awaken,Bedroom,On,2,6,20
Lights,06:23 AM,Wake up routine,Bathing,Bathroom,On,2,6,23
WaterHeater,06:25 AM,Wake up routine,Bathing,Bathroom,On,2,6,25
Lights,06:33 AM,Wake up routine,Bathing,Bathroom,Off,2,6,33
WaterHeater,06:35 AM,Wake up routine,Bathing,Bathroom,Off,2,6,35
SmartBlinds,06:48 AM,Breakfast routine,Breakfast,Livingroom,Close,2,6,48
SmartDoor,06:50 AM,Breakfast routine,Breakfast,Livingroom,Unlock,2,6,50
SmartDoor,06:53 AM,Breakfast routine,Breakfast,Livingroom,Lock,2,6,53
SmartBlinds,06:23 AM,Wake up routine,Awaken,Bedroom,Open,3,6,23
Lights,06:25 AM,Wake up routine,Awaken,Bedroom,On,3,6,25
Lights,06:28 AM,Wake up routine,Bathing,Bathroom,On,3,6,28
WaterHeater,06:30 AM,Wake up routine,Bathing,Bathroom,On,3,6,30
Lights,06:38 AM,Wake up routine,Bathing,Bathroom,Off,3,6,38
WaterHeater,06:40 AM,Wake up routine,Bathing,Bathroom,Off,3,6,40
SmartBlinds,06:53 AM,Breakfast routine,Breakfast,Livingroom,Close,3,6,53
SmartDoor,06:55 AM,Breakfast routine,Breakfast,Livingroom,Unlock,3,6,55
SmartDoor,06:58 AM,Breakfast routine,Breakfast,Livingroom,Lock,3,6,58
SmartBlinds,06:27 AM,Wake up routine,Awaken,Bedroom,Open,4,6,27
Lights,06:29 AM,Wake up routine,Awaken,Bedroom,On,4,6,29
Lights,06:32 AM,Wake up routine,Bathing,Bathroom,On,4,6,32
WaterHeater,06:34 AM,Wake up routine,Bathing,Bathroom,On,4,6,34
Lights,06:42 AM,Wake up routine,Bathing,Bathroom,Off,4,6,42
WaterHeater,06:44 AM,Wake up routine,Bathing,Bathroom,Off,4,6,44
SmartBlinds,06:57 AM,Breakfast routine,Breakfast,Livingroom,Close,4,6,57
SmartDoor,06:59 AM,Breakfast routine,Breakfast,Livingroom,Unlock,4,6,59
SmartDoor,07:02 AM,Breakfast routine,Breakfast,Livingroom,Lock,4,7,2
SmartBlinds,06:04 AM,Wake up routine,Awaken,Bedroom,Open,5,6,4
Lights,06:06 AM,Wake up routine,Awaken,Bedroom,On,5,6,6
Lights,06:09 AM,Wake up routine,Bathing,Bathroom,On,5,6,9
WaterHeater,06:11 AM,Wake up routine,Bathing,Bathroom,On,5,6,11
Lights,06:19 AM,Wake up routine,Bathing,Bathroom,Off,5,6,19
WaterHeater,06:21 AM,Wake up routine,Bathing,Bathroom,Off,5,6,21
SmartBlinds,06:34 AM,Breakfast routine,Breakfast,Livingroom,Close,5,6,34
SmartDoor,06:36 AM,Breakfast routine,Breakfast,Livingroom,Unlock,5,6,36
SmartDoor,06:39 AM,Breakfast routine,Breakfast,Livingroom,Lock,5,6,39
SmartBlinds,06:02 AM,Wake up routine,Awaken,Bedroom,Open,1,6,2
Lights,06:04 AM,Wake up routine,Awaken,Bedroom,On,1,6,4
Lights,06:07 AM,Wake up routine,Bathing,Bathroom,On,1,6,7
WaterHeater,06:09 AM,Wake up routine,Bathing,Bathroom,On,1,6,9
Lights,06:17 AM,Wake up routine,Bathing,Bathroom,Off,1,6,17
WaterHeater,06:19 AM,Wake up routine,Bathing,Bathroom,Off,1,6,19
SmartBlinds,06:32 AM,Breakfast routine,Breakfast,Livingroom,Close,1,6,32
SmartDoor,06:34 AM,Breakfast routine,Breakfast,Livingroom,Unlock,1,6,34
SmartDoor,06:37 AM,Breakfast routine,Breakfast,Livingroom,Lock,1,6,37
SmartBlinds,06:25 AM,Wake up routine,Awaken,Bedroom,Open,2,6,25
Lights,06:27 AM,Wake up routine,Awaken,Bedroom,On,2,6,27
Lights,06:30 AM,Wake up routine,Bathing,Bathroom,On,2,6,30
WaterHeater,06:32 AM,Wake up routine,Bathing,Bathroom,On,2,6,32
Lights,06:40 AM,Wake up routine,Bathing,Bathroom,Off,2,6,40
WaterHeater,06:42 AM,Wake up routine,Bathing,Bathroom,Off,2,6,42
SmartBlinds,06:55 AM,Breakfast routine,Breakfast,Livingroom,Close,2,6,55
SmartDoor,06:57 AM,Breakfast routine,Breakfast,Livingroom,Unlock,2,6,57
SmartDoor,07:00 AM,Breakfast routine,Breakfast,Livingroom,Lock,2,7,0
SmartBlinds,06:15 AM,Wake up routine,Awaken,Bedroom,Open,3,6,15
Lights,06:17 AM,Wake up routine,Awaken,Bedroom,On,3,6,17
Lights,06:20 AM,Wake up routine,Bathing,Bathroom,On,3,6,20
WaterHeater,06:22 AM,Wake up routine,Bathing,Bathroom,On,3,6,22
Lights,06:30 AM,Wake up routine,Bathing,Bathroom,Off,3,6,30
WaterHeater,06:32 AM,Wake up routine,Bathing,Bathroom,Off,3,6,32
SmartBlinds,06:45 AM,Breakfast routine,Breakfast,Livingroom,Close,3,6,45
SmartDoor,06:47 AM,Breakfast routine,Breakfast,Livingroom,Unlock,3,6,47
SmartDoor,06:50 AM,Breakfast routine,Breakfast,Livingroom,Lock,3,6,50
SmartBlinds,06:01 AM,Wake up routine,Awaken,Bedroom,Open,4,6,1
Lights,06:03 AM,Wake up routine,Awaken,Bedroom,On,4,6,3
Lights,06:06 AM,Wake up routine,Bathing,Bathroom,On,4,6,6
WaterHeater,06:08 AM,Wake up routine,Bathing,Bathroom,On,4,6,8
Lights,06:16 AM,Wake up routine,Bathing,Bathroom,Off,4,6,16
WaterHeater,06:18 AM,Wake up routine,Bathing,Bathroom,Off,4,6,18
SmartBlinds,06:31 AM,Breakfast routine,Breakfast,Livingroom,Close,4,6,31
SmartDoor,06:33 AM,Breakfast routine,Breakfast,Livingroom,Unlock,4,6,33
SmartDoor,06:36 AM,Breakfast routine,Breakfast,Livingroom,Lock,4,6,36
SmartBlinds,06:17 AM,Wake up routine,Awaken,Bedroom,Open,5,6,17
Lights,06:19 AM,Wake up routine,Awaken,Bedroom,On,5,6,19
Lights,06:22 AM,Wake up routine,Bathing,Bathroom,On,5,6,22
WaterHeater,06:24 AM,Wake up routine,Bathing,Bathroom,On,5,6,24
Lights,06:32 AM,Wake up routine,Bathing,Bathroom,Off,5,6,32
WaterHeater,06:34 AM,Wake up routine,Bathing,Bathroom,Off,5,6,34
SmartBlinds,06:47 AM,Breakfast routine,Breakfast,Livingroom,Close,5,6,47
SmartDoor,06:49 AM,Breakfast routine,Breakfast,Livingroom,Unlock,5,6,49
SmartDoor,06:52 AM,Breakfast routine,Breakfast,Livingroom,Lock,5,6,52
SmartBlinds,06:14 AM,Wake up routine,Awaken,Bedroom,Open,1,6,14
Lights,06:16 AM,Wake up routine,Awaken,Bedroom,On,1,6,16
Lights,06:19 AM,Wake up routine,Bathing,Bathroom,On,1,6,19
WaterHeater,06:21 AM,Wake up routine,Bathing,Bathroom,On,1,6,21
Lights,06:29 AM,Wake up routine,Bathing,Bathroom,Off,1,6,29
WaterHeater,06:31 AM,Wake up routine,Bathing,Bathroom,Off,1,6,31
SmartBlinds,06:44 AM,Breakfast routine,Breakfast,Livingroom,Close,1,6,44
SmartDoor,06:46 AM,Breakfast routine,Breakfast,Livingroom,Unlock,1,6,46
SmartDoor,06:49 AM,Breakfast routine,Breakfast,Livingroom,Lock,1,6,49
SmartBlinds,06:08 AM,Wake up routine,Awaken,Bedroom,Open,2,6,8
Lights,06:10 AM,Wake up routine,Awaken,Bedroom,On,2,6,10
Lights,06:13 AM,Wake up routine,Bathing,Bathroom,On,2,6,13
WaterHeater,06:15 AM,Wake up routine,Bathing,Bathroom,On,2,6,15
Lights,06:23 AM,Wake up routine,Bathing,Bathroom,Off,2,6,23
WaterHeater,06:25 AM,Wake up routine,Bathing,Bathroom,Off,2,6,25
SmartBlinds,06:38 AM,Breakfast routine,Breakfast,Livingroom,Close,2,6,38
SmartDoor,06:40 AM,Breakfast routine,Breakfast,Livingroom,Unlock,2,6,40
SmartDoor,06:43 AM,Breakfast routine,Breakfast,Livingroom,Lock,2,6,43
SmartBlinds,06:04 AM,Wake up routine,Awaken,Bedroom,Open,3,6,4
Lights,06:06 AM,Wake up routine,Awaken,Bedroom,On,3,6,6
Lights,06:09 AM,Wake up routine,Bathing,Bathroom,On,3,6,9
WaterHeater,06:11 AM,Wake up routine,Bathing,Bathroom,On,3,6,11
Lights,06:19 AM,Wake up routine,Bathing,Bathroom,Off,3,6,19
WaterHeater,06:21 AM,Wake up routine,Bathing,Bathroom,Off,3,6,21
SmartBlinds,06:34 AM,Breakfast routine,Breakfast,Livingroom,Close,3,6,34
SmartDoor,06:36 AM,Breakfast routine,Breakfast,Livingroom,Unlock,3,6,36
SmartDoor,06:39 AM,Breakfast routine,Breakfast,Livingroom,Lock,3,6,39
SmartBlinds,06:14 AM,Wake up routine,Awaken,Bedroom,Open,4,6,14
Lights,06:16 AM,Wake up routine,Awaken,Bedroom,On,4,6,16
Lights,06:19 AM,Wake up routine,Bathing,Bathroom,On,4,6,19
WaterHeater,06:21 AM,Wake up routine,Bathing,Bathroom,On,4,6,21
Lights,06:29 AM,Wake up routine,Bathing,Bathroom,Off,4,6,29
WaterHeater,06:31 AM,Wake up routine,Bathing,Bathroom,Off,4,6,31
SmartBlinds,06:44 AM,Breakfast routine,Breakfast,Livingroom,Close,4,6,44
SmartDoor,06:46 AM,Breakfast routine,Breakfast,Livingroom,Unlock,4,6,46
SmartDoor,06:49 AM,Breakfast routine,Breakfast,Livingroom,Lock,4,6,49
SmartBlinds,06:20 AM,Wake up routine,Awaken,Bedroom,Open,5,6,20
Lights,06:22 AM,Wake up routine,Awaken,Bedroom,On,5,6,22
Lights,06:25 AM,Wake up routine,Bathing,Bathroom,On,5,6,25
WaterHeater,06:27 AM,Wake up routine,Bathing,Bathroom,On,5,6,27
Lights,06:35 AM,Wake up routine,Bathing,Bathroom,Off,5,6,35
WaterHeater,06:37 AM,Wake up routine,Bathing,Bathroom,Off,5,6,37
SmartBlinds,06:50 AM,Breakfast routine,Breakfast,Livingroom,Close,5,6,50
SmartDoor,06:52 AM,Breakfast routine,Breakfast,Livingroom,Unlock,5,6,52
SmartDoor,06:55 AM,Breakfast routine,Breakfast,Livingroom,Lock,5,6,55
